25,2021-08-02 10:04:00
26,2021-08-02 10:04:00
27,2021-08-02 10:04:00
28,2021-08-02 10:04:00
29,2021-08-02 10:04:00
25,2021-08-02 17:04:00
26,2021-08-02 16:04:00
27,2021-08-02 19:04:00
28,2021-08-02 20:04:00
29,2021-08-02 15:04:00
25,2021-08-03 10:04:00
26,2021-08-03 10:04:00
27,2021-08-03 10:04:00
28,2021-08-03 10:04:00
29,2021-08-03 10:04:00
25,2021-08-03 17:04:00
26,2021-08-03 16:04:00
27,2021-08-03 19:04:00
28,2021-08-03 20:04:00
29,2021-08-03 15:04:00
26,2021-08-04 10:04:00
27,2021-08-04 10:04:00
28,2021-08-04 10:04:00
29,2021-08-04 10:04:00
26,2021-08-04 16:04:00
27,2021-08-04 19:04:00
28,2021-08-04 20:04:00
29,2021-08-04 15:04:00
25,2021-08-05 10:04:00
27,2021-08-05 10:04:00
28,2021-08-05 10:04:00
29,2021-08-05 10:04:00
25,2021-08-05 17:04:00
27,2021-08-05 19:04:00
28,2021-08-05 20:04:00
29,2021-08-05 15:04:00