25,2021-03-15 17:04:00
25,2021-03-16 16:04:00
25,2021-03-17 10:04:00
25,2021-03-18 10:04:00
25,2021-03-19 15:04:00
25,2021-03-20 10:04:00
25,2021-03-21 15:04:00
25,2021-03-22 10:04:00
25,2021-03-23 14:04:00
9,2021-03-24 13:04:00
25,2021-03-24 13:04:00
1,2021-03-24 17:51:01
1,2021-03-24 17:52:45
96,2021-03-24 18:12:30
96,2021-03-24 18:12:32
28,2021-03-24 18:35:57
29,2021-03-24 19:12:57
31,2021-03-24 19:13:02
29,2021-03-24 19:13:05
96,2021-03-25 07:35:56
25,2021-03-25 10:04:00
6,2021-03-25 07:36:37
6,2021-03-25 07:36:38
92,2021-03-25 07:44:27
78,2021-03-25 07:55:18
9,2021-03-25 08:14:13
7,2021-03-25 08:14:17
3,2021-03-25 08:27:49
4,2021-03-25 08:27:53
31,2021-03-25 10:46:18
29,2021-03-25 10:46:25
26,2021-03-25 11:06:46
77,2021-03-25 11:10:04
9,2021-03-25 11:10:52
9,2021-03-25 11:10:56
1,2021-03-25 12:09:56
27,2021-03-25 14:36:21
96,2021-03-25 16:32:23
96,2021-03-25 16:32:24
1,2021-03-25 17:36:25
27,2021-03-25 18:41:16
29,2021-03-25 18:56:40
31,2021-03-25 18:56:44
96,2021-03-26 07:22:16
96,2021-03-26 07:22:37
8,2021-03-26 07:34:37
84,2021-03-26 07:36:00
25,2021-03-26 10:04:00
90,2021-03-26 07:38:18
92,2021-03-26 07:38:43
6,2021-03-26 07:38:49
78,2021-03-26 07:47:53
79,2021-03-26 07:47:55
7,2021-03-26 08:04:02
96,2021-03-26 08:04:32
9,2021-03-26 08:49:18
9,2021-03-26 08:49:19
31,2021-03-26 10:30:59
26,2021-03-26 10:31:45
26,2021-03-26 10:31:47
29,2021-03-26 10:45:54
28,2021-03-26 10:55:47
90,2021-03-26 12:16:45
78,2021-03-26 12:21:34
31,2021-03-26 14:40:18
29,2021-03-26 14:40:22
28,2021-03-26 14:40:26
7,2021-03-27 08:15:14
6,2021-03-27 08:15:30
96,2021-03-27 08:15:33
31,2021-03-27 10:34:28
29,2021-03-27 10:34:50
25,2021-03-27 10:04:00
26,2021-03-27 10:44:52
28,2021-03-27 10:49:33
32,2021-03-27 11:15:36
90,2021-03-27 13:12:06
1,2021-03-27 16:50:51
31,2021-03-27 19:15:58
29,2021-03-27 19:16:07
1,2021-03-27 19:45:48
96,2021-03-29 07:14:27
96,2021-03-29 07:14:29
8,2021-03-29 07:31:16
94,2021-03-29 07:35:51
78,2021-03-29 07:59:00
79,2021-03-29 07:59:40
7,2021-03-29 08:14:27
6,2021-03-29 08:15:21
3,2021-03-29 08:31:51
4,2021-03-29 08:31:56
31,2021-03-29 10:35:40
29,2021-03-29 10:35:46
26,2021-03-29 10:46:20
27,2021-03-29 10:48:57
23,2021-03-29 11:44:01
25,2021-03-29 11:44:07
28,2021-03-29 11:54:46
32,2021-03-29 12:08:09
1,2021-03-29 13:16:21
1,2021-03-29 13:16:22
29,2021-03-29 18:05:06
31,2021-03-29 18:05:10
28,2021-03-29 18:40:11
25,2021-03-29 10:04:00
26,2021-03-29 18:49:53
1,2021-03-29 18:53:11
6,2021-03-31 07:41:55
96,2021-03-31 07:41:58
7,2021-03-31 07:48:30
78,2021-03-31 07:50:23
79,2021-03-31 07:51:55
94,2021-03-31 09:57:13
26,2021-03-31 10:38:04
31,2021-03-31 10:40:01
27,2021-03-31 10:47:09
29,2021-03-31 11:07:03
32,2021-03-31 11:20:57
28,2021-03-31 11:42:39
25,2021-03-31 13:07:22
27,2021-03-31 18:42:09
1,2021-03-31 18:48:35
25,2021-03-31 19:12:53
25,2021-03-31 19:13:02
29,2021-03-31 19:14:17
28,2021-03-31 19:18:24
32,2021-03-31 19:18:29
25,2021-03-25 13:04:00
26,2021-03-31 19:18:35
96,2021-04-01 07:17:45
94,2021-04-01 07:35:20
86,2021-04-01 07:42:53
6,2021-04-01 07:45:35
6,2021-04-01 07:45:36
78,2021-04-01 07:52:54
79,2021-04-01 07:53:54
9,2021-04-01 07:59:05
29,2021-04-01 10:41:59
31,2021-04-01 10:42:04
26,2021-04-01 10:42:13
25,2021-04-01 11:56:04
27,2021-04-01 15:31:50
27,2021-04-01 17:50:00
26,2021-04-01 18:26:12
25,2021-04-01 18:29:55
29,2021-04-01 19:18:18
31,2021-04-01 19:18:22
8,2021-04-02 07:30:58
79,2021-04-02 07:54:55
78,2021-04-02 07:54:56
6,2021-04-02 07:55:33
94,2021-04-02 07:57:52
7,2021-04-02 08:04:26
29,2021-04-02 10:38:50
31,2021-04-02 10:38:53
26,2021-04-02 10:40:48
32,2021-04-02 12:59:11
28,2021-04-02 19:11:22
29,2021-04-02 19:20:47
31,2021-04-02 19:21:18
86,2021-04-03 07:37:43
79,2021-04-03 07:57:23
78,2021-04-03 07:57:26
31,2021-04-03 10:31:06
29,2021-04-03 10:31:08
32,2021-04-03 10:43:40
28,2021-04-03 10:52:15
29,2021-04-03 13:35:27
29,2021-04-03 13:35:30
28,2021-04-03 13:35:49
26,2021-04-03 20:17:15
8,2021-04-05 07:34:21
6,2021-04-05 07:40:09
6,2021-04-05 07:40:10
92,2021-04-05 07:45:27
2,2021-04-05 07:45:50
94,2021-04-05 07:45:54
78,2021-04-05 07:54:28
79,2021-04-05 07:54:34
31,2021-04-05 10:40:55
29,2021-04-05 10:40:59
26,2021-04-05 10:56:21
25,2021-04-05 11:15:06
27,2021-04-05 11:21:52
27,2021-04-05 17:36:49
29,2021-04-05 19:16:16
31,2021-04-05 19:16:18
79,2021-04-06 07:57:54
78,2021-04-06 07:57:57
31,2021-04-06 10:37:01
29,2021-04-06 10:37:13
26,2021-04-06 10:54:33
1,2021-04-06 11:50:18
27,2021-04-06 15:24:44
1,2021-04-06 18:35:30
29,2021-04-06 19:14:53
31,2021-04-06 19:16:33
26,2021-04-06 20:04:33
79,2021-04-07 08:01:51
78,2021-04-07 08:01:54
31,2021-04-07 10:33:45
29,2021-04-07 10:33:50
26,2021-04-07 10:41:06
25,2021-04-07 11:08:20
1,2021-04-07 12:57:09
27,2021-04-07 13:44:39
77,2021-04-07 16:14:20
77,2021-04-07 16:14:28
29,2021-04-07 19:25:29
31,2021-04-07 19:25:39
78,2021-04-08 07:57:14
79,2021-04-08 07:57:25
94,2021-04-08 09:21:11
31,2021-04-08 10:39:16
25,2021-04-08 10:52:56
1,2021-04-08 12:18:21
31,2021-04-08 12:37:55
1,2021-04-08 18:14:21
79,2021-04-09 07:59:35
78,2021-04-09 07:59:36
94,2021-04-09 09:00:30
31,2021-04-09 10:34:35
29,2021-04-09 10:34:42
29,2021-04-09 18:30:04
31,2021-04-09 18:31:39
26,2021-04-09 20:01:23
94,2021-04-10 10:36:30
31,2021-04-10 10:45:00
29,2021-04-10 10:45:07
32,2021-04-10 11:33:23
32,2021-04-10 18:45:31
29,2021-04-10 19:17:52
31,2021-04-10 19:17:56
78,2021-04-12 07:54:57
79,2021-04-12 07:55:12
94,2021-04-12 09:07:25
27,2021-04-12 10:42:48
26,2021-04-12 10:44:17
31,2021-04-12 10:56:58
29,2021-04-12 11:42:00
32,2021-04-12 11:52:14
1,2021-04-12 12:25:57
28,2021-04-12 12:29:46
31,2021-04-12 19:03:17
26,2021-04-12 19:06:17
32,2021-04-12 19:06:23
78,2021-04-13 08:12:04
79,2021-04-13 08:12:23
94,2021-04-13 09:04:29
31,2021-04-13 10:29:12
1,2021-04-13 13:11:25
27,2021-04-13 15:10:11
32,2021-04-13 15:49:19
1,2021-04-13 18:25:30
31,2021-04-13 18:43:29
26,2021-06-05 15:08:12
24,2021-06-05 15:09:09
24,2021-06-05 15:09:18
24,2021-06-05 15:09:24
24,2021-06-05 15:09:25
26,2021-06-05 15:12:31
24,2021-06-05 15:14:08
24,2021-06-05 15:14:12
24,2021-06-05 15:14:14
77,2021-06-05 15:24:14
77,2021-06-05 15:25:17
17,2021-06-05 15:29:54
17,2021-06-05 15:29:54
26,2021-06-24 14:37:08
30,2021-06-24 19:04:37
30,2021-06-24 19:04:42
30,2021-06-24 19:05:02
30,2021-06-24 19:05:06
30,2021-06-24 19:27:32
30,2021-06-24 19:45:18
30,2021-06-24 19:45:25
30,2021-06-24 19:48:31
24,2021-06-25 16:13:33
